{
	"pages": [ 
		{ 
					"path": "pages/index/index",
					"style": {
						"navigationBarTitleText": "DeituiCms",
						"onReachBottomDistance": 60,
						"enablePullDownRefresh": true
						
					}
				} ,
			    {
			        "path" : "pages/web/index",
			        "style" : {
			            "navigationBarTitleText" : "Web浏览"
			        }
			    },{
					"path":"pages/allmsg/index",
					"style":{
						"navigationBarTitleText":"消息中心"
					}
				},
			    {
			        "path" : "pages/article/index",
			        "style" : {
			            "navigationBarTitleText" : "资讯中心"
			        }
			    },
			    {
			        "path" : "pages/article/list",
			        "style" : {
			            "navigationBarTitleText" : "资讯列表"
			        }
			    },
			    {
			        "path" : "pages/article/show",
			        "style" : {
			            "navigationBarTitleText" : "资讯详情"
			        }
			    },
			    {
			        "path" : "pages/bankcard/index",
			        "style" : {
			            "navigationBarTitleText" : "银行卡"
			        }
			    },
			    {
			        "path" : "pages/city/index",
			        "style" : {
			            "navigationBarTitleText" : "城市"
			        }
			    },
			    {
			        "path" : "pages/comment/my",
			        "style" : {
			            "navigationBarTitleText" : "我的评论",
			            "onReachBottomDistance" : 60,
			            "enablePullDownRefresh" : true
			        }
			    },
			    {
			        "path" : "pages/coupon/index",
			        "style" : {
			            "navigationBarTitleText" : "领取优惠券"
			        }
			    },
				{
				    "path" : "pages/coupon/my",
				    "style" : {
				        "navigationBarTitleText" : "领取优惠券"
				    }
				},
			    {
			        "path" : "pages/coupon_user/index",
			        "style" : {
			            "navigationBarTitleText" : "我的优惠券"
			        }
			    },
			    {
			        "path" : "pages/fav/my",
			        "style" : {
			            "navigationBarTitleText" : "我的收藏"
			        }
			    },
			    {
			        "path" : "pages/follow/index",
			        "style" : {
			            "navigationBarTitleText" : "我的好友"
			        }
			    },
			    {
			        "path" : "pages/gold_log/my",
			        "style" : {
			            "navigationBarTitleText" : "金币日志"
			        }
			    },
			    {
			        "path" : "pages/html/aboutus",
			        "style" : {
			            "navigationBarTitleText" : "关于我们"
			        }
			    },{
			        "path" : "pages/html/index",
			        "style" : {
			            "navigationBarTitleText" : "关于我们"
			        }
			    },{
			        "path" : "pages/html/contact",
			        "style" : {
			            "navigationBarTitleText" : "联系我们"
			        }
			    },
			    {
			        "path" : "pages/invite/my",
			        "style" : {
			            "navigationBarTitleText" : "邀请好友"
			        }
			    },
			    {
			        "path" : "pages/invite_account_log/index",
			        "style" : {
			            "navigationBarTitleText" : "邀请收益"
			        }
			    },
			    {
			        "path" : "pages/kefu/index",
			        "style" : {
			            "navigationBarTitleText" : "客服"
			        }
			    },
			    {
			        "path" : "pages/login/index",
			        "style" : {
			            "navigationBarTitleText" : "登陆"
						 
			        }
			    },
			    {
			        "path" : "pages/login/findpwd",
			        "style" : {
			            "navigationBarTitleText" : "找回密码"
			        }
			    },
			    {
			        "path" : "pages/notice/my",
			        "style" : {
			            "navigationBarTitleText" : "通知"
			        }
			    },
			    {
			        "path" : "pages/pay_log/my",
			        "style" : {
			            "navigationBarTitleText" : "消费记录"
			        }
			    },
			    {
			        "path" : "pages/pm/index",
			        "style" : {
			            "navigationBarTitleText" : "我的私信"
			        }
			    },
			    {
			        "path" : "pages/pm/detail",
			        "style" : {
			            "navigationBarTitleText" : "私信"
			        }
			    },
			    {
			        "path" : "pages/recharge/my",
			        "style" : {
			            "navigationBarTitleText" : "支付记录"
			        }
			    },
			    {
			        "path" : "pages/recharge/index",
			        "style" : {
			            "navigationBarTitleText" : "支付"
			        }
			    },
			    {
			        "path" : "pages/register/index",
			        "style" : {
			            "navigationBarTitleText" : "注册"
			        }
			    },{
					"path": "pages/search/index",
					"style": {
						"navigationBarTitleText": "搜索"
					}
				},{
					"path":"pages/sysmsg/index",
					"style":{
						"navigationBarTitleText":"系统通知"
					}
				},{
					"path":"pages/sysmsg/show",
					"style":{
						"navigationBarTitleText":"系统通知详情"
					}
				},
			    {
			        "path" : "pages/user/index",
			        "style" : {
			            "navigationBarTitleText" : "个人中心",
			            "enablePullDownRefresh" : true
			        }
			    },
				{
				    "path" : "pages/user/bindmobile",
				    "style" : {
				        "navigationBarTitleText" : "手机绑定"
				         
				    }
				},
			    {
			        "path" : "pages/user/info",
			        "style" : {
			            "navigationBarTitleText" : "资料编辑"
			        }
			    },
			    {
			        "path" : "pages/user/user_head",
			        "style" : {
			            "navigationBarTitleText" : "头像编辑"
			        }
			    },
			    {
			        "path" : "pages/user/password",
			        "style" : {
			            "navigationBarTitleText" : "密码修改"
			        }
			    },
			    {
			        "path" : "pages/user/paypwd",
			        "style" : {
			            "navigationBarTitleText" : "支付密码"
			        }
			    },
			    {
			        "path" : "pages/user_address/my",
			        "style" : {
			            "navigationBarTitleText" : "收货地址"
			        }
			    },
			    {
			        "path" : "pages/user_address/add",
			        "style" : {
			            "navigationBarTitleText" : "收货地址添加"
			        }
			    }, 
			    {
			        "path" : "pages/user_address/edit",
			        "style" : {
			            "navigationBarTitleText" : "收货地址编辑"
			        }
			    },
			    {
			        "path" : "pages/user/set",
			        "style" : {
			            "navigationBarTitleText" : "用户设置"
			        }
			    },
				{
					"path": "pages/map/index",
					"style": {
						"navigationBarTitleText": "地图",
						"navigationStyle":"custom"
					}
				}
	],
	"subPackages": [
		{
				     "root" : "pageforum",
				     "pages" : [
				         {
				             "path" : "forum/show",
				             "style" : {
				                 "navigationBarTitleText" : "帖子详情",
				                 "onReachBottomDistance" : 60,
				                 "enablePullDownRefresh" : true
				             }
				         },
				         {
				             "path" : "forum/my",
				             "style" : {
				                 "navigationBarTitleText" : "我的"
				             }
				         },
				         {
				             "path" : "forum/add",
				             "style" : {
				                 "navigationBarTitleText" : "发布"
				             }
				         },
				         {
				             "path" : "forum/edit",
				             "style" : {
				                 "navigationBarTitleText" : "编辑"
				             }
				         },
				         {
				             "path" : "forum/index",
				             "style" : {
				                 "navigationBarTitleText" : "论坛",
				                 "enablePullDownRefresh" : true
				             }
				         },
				         {
				             "path" : "forum/list",
				             "style" : {
				                 "navigationBarTitleText" : "帖子列表",
				                 "onReachBottomDistance" : 60,
				                 "enablePullDownRefresh" : true
				             }
				         },
				         {
				             "path" : "forum/myfav",
				             "style" : {
				                 "navigationBarTitleText" : "我的收藏"
				             }
				         },{
				 			"path":"forum_notice/index",
				 			"style":{
				 				"navigationBarTitleText":"我的消息"
				 			}
				 		},
				         {
				             "path" : "forum_group/index",
				             "style" : {
				                 "navigationBarTitleText" : "板块"
				             }
				         },
				         {
				             "path" : "forum/new",
				             "style" : {
				                 "navigationBarTitleText" : "新贴子"
				             }
				         },
				         {
				             "path" : "forum_feeds/index",
				             "style" : {
				                 "navigationBarTitleText" : "关注的帖子"
				             }
				         },
				         {
				             "path" : "forum/search",
				             "style" : {
				                 "navigationBarTitleText" : "搜一下"
				             }
				         },
				         {
				             "path" : "forum_paihang/index",
				             "style" : {
				                 "navigationBarTitleText" : "名人榜"
				             }
				         },
				         {
				             "path" : "forum_home/index",
				             "style" : {
				                 "navigationBarTitleText" : "个人主页"
				             }
				         },
				         {
				             "path" : "forum/user",
				             "style" : {
				                 "navigationBarTitleText" : "我的"
				             }
				         },
				         {
				             "path" : "forum_comment/my",
				             "style" : {
				                 "navigationBarTitleText" : "我的评论"
				             }
				         },{
				 			"path": "forum_tags_index/index",
				 			"style": {
				 				"navigationBarTitleText": "聚合数据"
				 			}
				 		}
				     ]
				 }
	],
	"globalStyle": {
		"navigationBarTextStyle": "black",
		"navigationBarTitleText": "DeituiCms",
		"navigationBarBackgroundColor": "#F8F8F8",
		"backgroundColor": "#F8F8F8"
	},
	"uniIdRouter": {}
}
