{
	"pages": [ //pages数组中第一项表示应用启动页

		{
			"path": "pages/index/index",
			"style": {
				"navigationBarTitleText": "得推论坛",
				"onReachBottomDistance": 60,
				"enablePullDownRefresh": true
			}
		},
		{
			"path": "pages/hello",
			"style": {
				"navigationBarTitleText": "hello uniApp",
				"onReachBottomDistance": 60,
				"enablePullDownRefresh": true
			}
		},
		{
			"path": "pages/article/index"
		}, {
			"path": "pages/article/list"
		}, {
			"path": "pages/article/show"
		}, {
			"path": "pages/login/index"
		},
		{
			"path": "pages/login/findpwd"
		},
		{
			"path": "pages/register/index"
		}, {
			"path": "pages/user/index"
		},
		{
			"path": "pages/user/info"
		},
		{
			"path": "pages/user/user_head"
		},
		{
			"path": "pages/user/password"
		},
		{
			"path": "pages/user/paypwd"
		}, {
			"path": "pages/notice/my"
		},
		{
			"path": "pages/comment/my",
			"style": {
				"navigationBarTitleText": "我的评论",
				"onReachBottomDistance": 60,
				"enablePullDownRefresh": true
			}
		},
		{
			"path": "pages/coupon/my"
		},
		{
			"path": "pages/fav/my"
		},
		{
			"path": "pages/recharge/my"
		},
		{
			"path": "pages/recharge/index"
		},
		{
			"path": "pages/recharge/order"
		},
		{
			"path": "pages/pay_log/my"
		},
		{
			"path": "pages/gold_log/my"
		},
		{
			"path": "pages/user_address/my"
		},
		{
			"path": "pages/user_address/add"
		},
		{
			"path": "pages/user_address/edit"
		},
		{
			"path": "pages/user_address/orderadd"
		},
		{
			"path":"pages/pm/index",  
			"style":{
				"navigationBarTitleText":"我的私信"
			}
		},
		 {
		 	"path":"pages/pm/detail",  
		 	"style":{
		 		"navigationBarTitleText":"对话"
		 	}
		 }, 
		{
			"path": "pages/user/set",
			"style": {
				"navigationBarTitleText": "用户设置"
			}
		},
		{
			"path": "pages/kefu/index"
		},
		{
			"path": "pages/bankcard/index"
		},
		{
			"path": "pages/html/aboutus"
		}

	],
	"subPackages": [{
			"root": "pageforum",
			"pages": [{
					"path": "forum/show",
					"style": {
						"navigationBarTitleText": "帖子详情",
						"onReachBottomDistance": 60,
						"enablePullDownRefresh": true
					}
				}, {
					"path": "forum/my"
				}, {
					"path": "forum/add"
				}, {
					"path": "forum/edit"
				}, {
					"path": "forum/index"
				}, {
					"path": "forum/list"
				},{
					"path":"forum/myfav",
					"style":{
						"navigationBarTitleText":"我的收藏"
					}
				}, {
					"path": "forum_group/index"
				},{
					"path":"forum/new",
					"style":{
						"navigationBarTitleText":"新贴子"
					}
				},{
					"path":"forum_feeds/index",  
					"style":{
						"navigationBarTitleText":"关注的帖子"
					} 
				},
				{
					"path": "forum/search"
				},{
					"path":"forum_paihang/index",
					"style":{
						"navigationBarTitleText":"名人榜"
					}
				},{
					"path":"forum_home/index",
					"style":{
						"navigationBarTitleText":"个人主页"
					}
				},{
					"path":"forum/user",
					"style":{
						"navigationBarTitleText":"我的"
					}
				},{
					"path":"forum_comment/my",
					"style":{
						"navigationBarTitleText":"我的评论"
					}
				}
			]
		}

	],
	"preloadRule": {
		"pages/index/index": {
			"network": "all",
			"packages": ["pageforum"]
		}
	},
	"globalStyle": {
		"navigationBarTextStyle": "black",
		"navigationBarTitleText": "得推微论坛",
		"navigationBarBackgroundColor": "#F8F8F8",
		"backgroundColor": "#F8F8F8"
	},
	"permission": {
		"scope.userLocation": {
			"desc": "你的位置信息将用于小程序位置接口的效果展示"
		}
	}

}
